{"inputUnits":[34],"outputUnits":2,"inputs":{"0":{"dtype":"number","min":259.87111390915067,"max":306.1549612420809},"1":{"dtype":"number","min":184.40791139360988,"max":204.55439695837902},"2":{"dtype":"number","min":303.1167849416156,"max":353.07999222366897},"3":{"dtype":"number","min":160.46336324591385,"max":185.84829884430587},"4":{"dtype":"number","min":206.699531064396,"max":248.14416718064692},"5":{"dtype":"number","min":162.3919954355697,"max":183.94190143191094},"6":{"dtype":"number","min":351.44013938383284,"max":398.6814502619396},"7":{"dtype":"number","min":216.59504048308435,"max":246.1011414407057},"8":{"dtype":"number","min":143.1993147643686,"max":185.04135459022447},"9":{"dtype":"number","min":218.16301996480183,"max":249.21131453783653},"10":{"dtype":"number","min":416.5649265341359,"max":473.35823520117566},"11":{"dtype":"number","min":387.34772977773207,"max":458.9031720672666},"12":{"dtype":"number","min":64.09036677250853,"max":150.70242957994486},"13":{"dtype":"number","min":438.2930977209734,"max":466.7519433688931},"14":{"dtype":"number","min":385.0934052049068,"max":527.4795710691932},"15":{"dtype":"number","min":472.75474265769674,"max":550.622135630825},"16":{"dtype":"number","min":61.31859643649869,"max":149.78830913818834},"17":{"dtype":"number","min":532.0296259651407,"max":554.0874209041483},"18":{"dtype":"number","min":320.88043510332903,"max":528.4593221504554},"19":{"dtype":"number","min":362.73997881259135,"max":544.0988260310063},"20":{"dtype":"number","min":107.51422606945967,"max":175.24487233301352},"21":{"dtype":"number","min":497.0890412507233,"max":524.6878545512},"22":{"dtype":"number","min":394.59779884382993,"max":460.98875198215535},"23":{"dtype":"number","min":550.8735231395817,"max":559.6073735108849},"24":{"dtype":"number","min":106.5393869500411,"max":163.84467468856602},"25":{"dtype":"number","min":528.2289572673002,"max":554.267294365063},"26":{"dtype":"number","min":372.5007555033961,"max":469.73679570426714},"27":{"dtype":"number","min":523.6499880071271,"max":550.0770738389757},"28":{"dtype":"number","min":137.8666724192004,"max":179.3383830518518},"29":{"dtype":"number","min":534.5108064945213,"max":540.3081738507306},"30":{"dtype":"number","min":356.958172446803,"max":478.6855384202031},"31":{"dtype":"number","min":555.0088756776925,"max":558.152584760045},"32":{"dtype":"number","min":138.3689118918852,"max":180.22771894815602},"33":{"dtype":"number","min":555.9563938311898,"max":558.8103293628952}},"outputs":{"0":{"dtype":"string","min":0,"max":1,"uniqueValues":["e","y"],"legend":{"e":[1,0],"y":[0,1]}}},"isNormalized":true}